{"ABW": [-69.9696142244999, 12.524908758500075], "AFG": [67.68954227700013, 33.9301393640001], "ALB": [20.154355916000085, 41.14591339150007], "AND": [1.5857735595001259, 42.53901957200004], "-99": [32.8951931575001, 34.634748594500095], "AUT": [13.334746337500093, 47.694208781000086], "BDI": [29.910427083000087, -3.3832032269999033], "BEL": [4.44816255734527, 50.49573028600008], "BEN": [2.298649942500063, 9.306571757398267], "BFA": [-1.5662045904998938, 12.235895080500114], "BGR": [25.47427473600007, 42.73326934300003], "BHR": [50.54728182759084, 26.016058661000045], "BIH": [17.66747928850009, 43.92186798150017], "BLM": [-62.8294978509999, 17.905564683000065], "BLR": [27.942588541500072, 53.695987142500115], "BOL": [-63.566076518499926, -16.28853952999996], "BRB": [-59.540557420999875, 13.197862046500042], "BTN": [90.40942163050013, 27.527274162393226], "BWA": [24.664209838500085, -22.336800841999967], "CAF": [20.914283691000108, 6.618641052500074], "CHE": [8.21071801750007, 46.81094228150005], "CMR": [12.35638980750008, 7.36784596800009], "COG": [14.878211582031469, -0.6556773869999053], "CUW": [-68.9557388989999, 12.21641673400007], "CZE": [15.456787353500076, 49.79896403050006], "DJI": [42.58391096650007, 11.818868716500084], "DMA": [-61.36908932199992, 15.417832749000084], "DZA": [1.6432377520000756, 28.03475036900008], "ETH": [40.484484497000125, 9.141432800500077], "GEO": [43.34038972821159, 42.30997670500011], "GHA": [-1.0372704669999706, 7.950032657000072], "GIB": [-5.348580120941733, 36.12581003250615], "GIN": [-11.371786462499955, 9.93179799450008], "GMB": [-15.324206912999884, 13.442496646000109], "GTM": [-90.23357798360186, 15.772461320447256], "GUM": [144.7881779305001, 13.447577215500097], "HMD": [73.52409915450008, -53.07708098749991], "HUN": [19.485817912000087, 47.15528818800006], "IMN": [-4.55103512299992, 54.23798248900013], "IRQ": [43.666883378500074, 33.21931711850007], "ISR": [35.06821170350017, 31.448206586500106], "JAM": [-77.28132076699991, 18.114142157000046], "JEY": [-2.125152147499918, 49.21918366050005], "JOR": [37.12069213084058, 31.28081787150006], "KGZ": [74.74192834450011, 41.225469258500084], "LAO": [103.88071822100011, 18.205750326000114], "LBN": [35.851860592000094, 33.87156412750004], "LBR": [-9.43015194049994, 6.45631551400006], "LBY": [17.221402218000108, 26.338674536864076], "LCA": [-60.980742967999944, 13.913275457500077], "LIE": [9.545804484000115, 47.157600708500084], "LSO": [28.219031616500104, -29.614780374999945], "LUX": [6.1087532960000885, 49.808149516500066], "LVA": [24.592936234500073, 56.8710646575001], "MAF": [-63.07878577399991, 18.07776461706787], "MAR": [-9.022871398172569, 28.67324512329087], "MCO": [7.401602119531589, 43.740737315500056], "MDA": [28.37473270650007, 46.97390391050004], "MKD": [21.726869751000095, 41.60986440100008], "MLI": [-4.014246378499891, 17.567559306500108], "MNE": [19.394350626500085, 42.70012400650005], "MNG": [103.82136783900012, 46.85786448200005], "MSR": [-62.18533281149992, 16.747341213000098], "NAM": [18.48870100550009, -22.955212707499896], "NER": [8.061631510000112, 17.606562093000072], "NFK": [167.9542342460001, -29.03875090949991], "NIU": [-169.86666826049986, -19.053399346999903], "NPL": [84.09967757200008, 28.380335998500087], "NRU": [166.9326278005001, -0.5211320944999115], "POL": [19.133539672500063, 51.916168725000105], "PRY": [-58.44782303899996, -23.43678537999994], "QAT": [51.18376712300008, 25.359986575500045], "ROU": [24.9711904265001, 45.9624411020001], "RWA": [29.872522420000095, -1.9427743529998835], "ESH": [-12.892726708499879, 24.214189246500126], "SSD": [30.021195516000134, 7.853178101000154], "SEN": [-14.456908531999943, 14.498495992500082], "SGP": [103.82191002700003, 1.356472072000067], "SMR": [12.4390104995001, 43.93731115050005], "SOM": [46.191211593500185, 5.146417740511261], "SRB": [20.914774617500086, 44.20440887450009], "SUR": [-56.027024328499905, 3.9225402705001002], "SVK": [19.692058553000123, 48.675893046500065], "SVN": [14.940281412500084, 46.14379954050003], "SWZ": [31.4501522220001, -26.52613169349994], "SXM": [-63.068227228026245, 18.04060984550007], "SYR": [39.050292395500094, 34.81897399900005], "TCD": [18.71679508450009, 15.450143331000099], "TGO": [0.808120768500089, 8.617735607643567], "UGA": [32.277466064000066, 1.3722429405001364], "URY": [-55.77509863699993, -32.53513620699994], "VAT": [12.453374762000081, 41.90333333950012], "ZMB": [27.827040039000053, -13.131677957499917], "ZWE": [29.131068970000115, -19.00607391399989]}